"","SAMD00115014","SAMD00115015","SAMD00115025","SAMD00115027","SAMD00114971","SAMD00114972","SAMD00115039","SAMD00114968","SAMD00114970","SAMD00115016","SAMD00115017","SAMD00115019","SAMD00115021","SAMD00115023","SAMD00114973","SAMD00114969","SAMD00115018","SAMD00115020","SAMD00115022","SAMD00115024","SAMD00115064","SAMD00115029","SAMD00115026","SAMD00115028","SAMD00115060","SAMD00115061","SAMD00115062","SAMD00114997","SAMD00115030","SAMD00115063","SAMD00114999","SAMD00115031","SAMD00115032","SAMD00115065","SAMD00115034","SAMD00115035","SAMD00114998","SAMD00115000","SAMD00114995","SAMD00114996","SAMD00115033","SAMD00114801","SAMD00114735","SAMD00114736","SAMD00115036","SAMD00114737","SAMD00114738","SAMD00115037","SAMD00114739","SAMD00114744","SAMD00114745","SAMD00114746","SAMD00114747","SAMD00114831","SAMD00114748","SAMD00114832","SAMD00114740","SAMD00114741","SAMD00114833","SAMD00114742","SAMD00114743","SAMD00114757","SAMD00114758","SAMD00114759","SAMD00114760","SAMD00114834","SAMD00114761","SAMD00114762","SAMD00114763","SAMD00114802","SAMD00114815","SAMD00114764","SAMD00114974","SAMD00114755","SAMD00114756","SAMD00114765","SAMD00114978","SAMD00114766","SAMD00114979","SAMD00114767","SAMD00114768","SAMD00114769","SAMD00114770","SAMD00114771","SAMD00114980","SAMD00114975","SAMD00114772","SAMD00114773","SAMD00114718","SAMD00115040","SAMD00114976","SAMD00114977","SAMD00114719","SAMD00114720","SAMD00115042","SAMD00114721","SAMD00114722","SAMD00115043","SAMD00114984","SAMD00114723","SAMD00114724","SAMD00115041","SAMD00114981","SAMD00114800","SAMD00114982","SAMD00114793","SAMD00114794","SAMD00114795","SAMD00114985","SAMD00115045","SAMD00114986","SAMD00115046","SAMD00115047","SAMD00114796","SAMD00114987","SAMD00114797","SAMD00114988","SAMD00114798","SAMD00114799","SAMD00114753","SAMD00114754","SAMD00115044","SAMD00114989","SAMD00114990","SAMD00114991","SAMD00114992","SAMD00115048","SAMD00114749","SAMD00115049","SAMD00115050","SAMD00115051","SAMD00115052","SAMD00114750","SAMD00115053","SAMD00115054","SAMD00114993","SAMD00115055","SAMD00114751","SAMD00114752","SAMD00114780","SAMD00114781","SAMD00114782","SAMD00114994","SAMD00114774","SAMD00114775","SAMD00114776","SAMD00114777","SAMD00115056","SAMD00115058","SAMD00114778","SAMD00114779","SAMD00114730","SAMD00115001","SAMD00114731","SAMD00114732","SAMD00114733","SAMD00114734","SAMD00114725","SAMD00115057","SAMD00114726","SAMD00114727","SAMD00114728","SAMD00114729","SAMD00115002","SAMD00114787","SAMD00114788","SAMD00115003","SAMD00115004","SAMD00114789","SAMD00114790","SAMD00114791","SAMD00114792","SAMD00114783","SAMD00114784","SAMD00115008","SAMD00114785","SAMD00114786","SAMD00115009","SAMD00115005","SAMD00115006","SAMD00115038","SAMD00115007","SAMD00115059","SAMD00115011","SAMD00115012","SAMD00115013","SAMD00115010","SAMD00114816","SAMD00114819","SAMD00114804","SAMD00114805","SAMD00114806","SAMD00114807","SAMD00114808","SAMD00114809","SAMD00114810","SAMD00114811","SAMD00114820","SAMD00114821","SAMD00114812","SAMD00114813","SAMD00114814","SAMD00114826","SAMD00114827","SAMD00114828","SAMD00114829","SAMD00114830","SAMD00114862","SAMD00114822","SAMD00114823","SAMD00114857","SAMD00114858","SAMD00114824","SAMD00114825","SAMD00114817","SAMD00114818","SAMD00114835","SAMD00114836","SAMD00114803","SAMD00114841","SAMD00114842","SAMD00114843","SAMD00114844","SAMD00114845","SAMD00114846","SAMD00114847","SAMD00114848","SAMD00114849","SAMD00114850","SAMD00114863","SAMD00114864","SAMD00114865","SAMD00114866","SAMD00114851","SAMD00114852","SAMD00114867","SAMD00114853","SAMD00114868","SAMD00114869","SAMD00114854","SAMD00114859","SAMD00114837","SAMD00114838","SAMD00114860","SAMD00114839","SAMD00114840","SAMD00114855","SAMD00114856","SAMD00114861","SAMD00114887","SAMD00114870","SAMD00114871","SAMD00114926","SAMD00114937","SAMD00114888","SAMD00114889","SAMD00114872","SAMD00114873","SAMD00114927","SAMD00114928","SAMD00114938","SAMD00114890","SAMD00114891","SAMD00114929","SAMD00114930","SAMD00114939","SAMD00114892","SAMD00114893","SAMD00114874","SAMD00114875","SAMD00114931","SAMD00114932","SAMD00114940","SAMD00114894","SAMD00114895","SAMD00114876","SAMD00114933","SAMD00114941","SAMD00114896","SAMD00114897","SAMD00114877","SAMD00114878","SAMD00114934","SAMD00114942","SAMD00114898","SAMD00114935","SAMD00114936","SAMD00114943","SAMD00114908","SAMD00114944","SAMD00114918","SAMD00114909","SAMD00114919","SAMD00114920","SAMD00114949","SAMD00114950","SAMD00114910","SAMD00114911","SAMD00114921","SAMD00114922","SAMD00114951","SAMD00114912","SAMD00114913","SAMD00114923","SAMD00114952","SAMD00114953","SAMD00114945","SAMD00114924","SAMD00114954","SAMD00114914","SAMD00114946","SAMD00114925","SAMD00114955","SAMD00114956","SAMD00114915","SAMD00114916","SAMD00114917","SAMD00114947","SAMD00114948","SAMD00114957","SAMD00114958","SAMD00114879","SAMD00114880","SAMD00114959","SAMD00114960","SAMD00114899","SAMD00114881","SAMD00114882","SAMD00114900","SAMD00114901","SAMD00114961","SAMD00114962","SAMD00114883","SAMD00114884","SAMD00114902","SAMD00114903","SAMD00114963","SAMD00114964","SAMD00114904","SAMD00114905","SAMD00114965","SAMD00114885","SAMD00114906","SAMD00114907","SAMD00114966","SAMD00114967","SAMD00114886","SAMD00164694","SAMD00164695","SAMD00164708","SAMD00164713","SAMD00136653","SAMD00164717","SAMD00164721","SAMD00164723","SAMD00164727","SAMD00164728","SAMD00164729","SAMD00164734","SAMD00164744","SAMD00164745","SAMD00164746","SAMD00164748","SAMD00164750","SAMD00154991","SAMD00164755","SAMD00164756","SAMD00164757","SAMD00164758","SAMD00154992","SAMD00164760","SAMD00154993","SAMD00164764","SAMD00164765","SAMD00136648","SAMD00164767","SAMD00164769","SAMD00154994","SAMD00164771","SAMD00164772","SAMD00154995","SAMD00164773","SAMD00164774","SAMD00164776","SAMD00164778","SAMD00164779","SAMD00164780","SAMD00164791","SAMD00164801","SAMD00164803","SAMD00164804","SAMD00164805","SAMD00164806","SAMD00164807","SAMD00164808","SAMD00164809","SAMD00164812","SAMD00164813","SAMD00164814","SAMD00164817","SAMD00164818","SAMD00164819","SAMD00164820","SAMD00164821","SAMD00164822","SAMD00164823","SAMD00164824","SAMD00164825","SAMD00164826","SAMD00164827","SAMD00164828","SAMD00164829","SAMD00164830","SAMD00164831","SAMD00164832","SAMD00164833","SAMD00164834","SAMD00164835","SAMD00164836","SAMD00164837","SAMD00164838","SAMD00164839","SAMD00164840","SAMD00164841","SAMD00164842","SAMD00164843","SAMD00164844","SAMD00164845","SAMD00164846","SAMD00164847","SAMD00164848","SAMD00164849","SAMD00164850","SAMD00164851","SAMD00164852","SAMD00164853","SAMD00164854","SAMD00164855","SAMD00164856","SAMD00164857","SAMD00164858","SAMD00164859","SAMD00164860","SAMD00164861","SAMD00164862","SAMD00164863","SAMD00164864","SAMD00164865","SAMD00164866","SAMD00164867","SAMD00164868","SAMD00164869","SAMD00164870","SAMD00164871","SAMD00164872","SAMD00164873","SAMD00164874","SAMD00164875","SAMD00164876","SAMD00164877","SAMD00164878","SAMD00164879","SAMD00164880","SAMD00164881","SAMD00164882","SAMD00164883","SAMD00164884","SAMD00164885","SAMD00164886","SAMD00164887","SAMD00164888","SAMD00164889","SAMD00164890","SAMD00164891","SAMD00164892","SAMD00164893","SAMD00164894","SAMD00164895","SAMD00164896","SAMD00164897","SAMD00164898","SAMD00164899","SAMD00164900","SAMD00164901","SAMD00164902","SAMD00164903","SAMD00164904","SAMD00164905","SAMD00164906","SAMD00164907","SAMD00164908","SAMD00164909","SAMD00164910","SAMD00164911","SAMD00164912","SAMD00164913","SAMD00164914","SAMD00164915","SAMD00164916","SAMD00164917","SAMD00164918","SAMD00164919","SAMD00164920","SAMD00164921","SAMD00164922","SAMD00164923","SAMD00164924","SAMD00164925","SAMD00164926","SAMD00164927","SAMD00164928","SAMD00164929","SAMD00164930","SAMD00164931","SAMD00164932","SAMD00164933","SAMD00164934","SAMD00164935","SAMD00164936","SAMD00164937","SAMD00164938","SAMD00164939","SAMD00164940","SAMD00164941","SAMD00164942","SAMD00164943","SAMD00164944","SAMD00164945","SAMD00164946","SAMD00164947","SAMD00164948","SAMD00164949","SAMD00164950","SAMD00164951","SAMD00164952","SAMD00164953","SAMD00164954","SAMD00164955","SAMD00164956","SAMD00164957","SAMD00164958","SAMD00164959","SAMD00164960","SAMD00164961","SAMD00164962","SAMD00164963","SAMD00164964","SAMD00164965","SAMD00164966","SAMD00164967","SAMD00164968","SAMD00164969","SAMD00164970","SAMD00164971","SAMD00164972","SAMD00164973","SAMD00164974","SAMD00164975","SAMD00164976","SAMD00164977","SAMD00164978","SAMD00164979","SAMD00164980","SAMD00164981","SAMD00164982","SAMD00164983","SAMD00164984","SAMD00164985","SAMD00164986","SAMD00164987","SAMD00164988","SAMD00164989","SAMD00164990","SAMD00164991","SAMD00164992","SAMD00164993","SAMD00164994","SAMD00164995","SAMD00164996","SAMD00164997","SAMD00164998","SAMD00164999","SAMD00165000","SAMD00165001","SAMD00165002","SAMD00165003","SAMD00165004","SAMD00165005","SAMD00165006","SAMD00165007","SAMD00165008","SAMD00165009","SAMD00165010","SAMD00165011","SAMD00165012","SAMD00165013","SAMD00165014","SAMD00165015","SAMD00165016","SAMD00165017","SAMD00165018","SAMD00165019","SAMD00165020","SAMD00165021","SAMD00165022","SAMD00165023","SAMD00165024","SAMD00165025","SAMD00165026","SAMD00165027","SAMD00165028","SAMD00165029","SAMD00165030","SAMD00165031","SAMD00165032","SAMD00165033"
"Actinobacteria",2.08661,11.23642,6.09089,5.56413,2.23392,2.98691,4.03004,25.25355,0.72269,2.44342,10.41137,5.86851,2.50249,18.46663,9.76458,6.28449,8.93791,2.84683,42.52798,1.94347,6.94708,1.7837,8.52436,2.61346,0.25732,2.46021,5.39177,58.46717,5.78016,0.7669,0.3867,4.17664,4.95866,6.61491,1.63572,4.69296,1.3118,13.30055,3.38223,4.4271,2.30232,2.17586,33.15882,5.88841,34.76744,11.65298,5.52203,1.72042,4.35865,1.12427,3.54964,6.1868,5.03396,4.06602,12.68697,5.12678,1.33342,0.21353,2.78347,5.5914,1.84441,1.34807,25.05258,1.80717,13.75711,5.1107,20.41625,7.9831,2.24709,0.88638,0.99256,2.4576,1.76411,6.23908,0.52431,0.86521,3.56508,7.56853,7.43653,7.74614,1.14938,2.07543,0.21814,3.37132,2.67539,7.92405,1.3884,0.30415,3.38748,3.38551,2.1317,14.99969,2.79791,0.84627,3.18531,3.23269,3.11144,13.5843,0.70925,7.48689,1.62423,21.44841,4.74577,5.00595,4.27787,4.47305,6.15399,3.67947,0.78572,4.9513,1.26106,8.77427,0.45793,5.05423,2.0382,3.97699,4.4252,8.22803,0.49218,1.99438,4.73898,2.75446,1.48115,1.20695,3.11641,9.42989,2.25387,5.89339,4.64424,3.48804,9.3355,0.06175,0.53014,0.37727,0.77864,3.86471,4.34826,2.97982,1.14701,3.3513,12.15024,4.49537,40.41212,9.831,7.12431,3.19729,0.18785,5.75645,11.5456,6.38953,0.44329,0.82344,5.54297,3.80594,0.29036,7.12415,1.53826,3.11551,0.18696,1.30275,3.59578,10.23249,1.05383,3.72663,14.30039,8.84432,5.84399,14.7203,5.97772,1.30314,0.8384,0.25949,37.90106,4.77407,0.34678,7.27071,2.57558,2.33844,1.11511,1.82825,2.30597,5.27651,18.43493,2.7932,18.14645,36.96412,0.98809,0.51554,0.67155,7.90747,1.82023,2.88516,10.06654,0.12918,1.35325,4.689,2.63632,2.59797,9.71922,4.9594,0.71689,4.60398,1.03423,9.06203,2.452,0.18854,10.16899,15.25715,0.50928,2.05777,1.13704,3.23067,0.16138,17.20143,0.80014,3.67412,2.10567,3.99805,0.37819,1.73503,11.16915,1.03133,1.29926,1.4276,3.53268,1.13649,1.63019,7.90562,4.59263,1.51109,1.15588,1.90077,1.82527,2.04701,0.63385,1.5561,4.08549,5.4388,1.66729,4.2149,1.30349,8.86905,1.05385,2.15548,1.84173,8.4881,11.34758,1.69211,1.55086,7.87606,5.40898,1.6433,2.76475,0.39153,1.76106,2.2507,0.11701,0.07958,2.27537,1.36891,3.50162,1.46555,0.81827,0.04569,3.17347,11.7345,41.81984,7.36585,4.70204,0.01161,14.7159,2.41186,16.87635,10.92553,3.824,1.67152,1.45785,6.99704,2.12488,6.16718,1.62673,1.93118,5.82051,43.70287,0.44151,8.36063,3.33862,2.57777,6.97255,2.07107,0.34838,3.48647,1.89745,3.52248,1.26004,1.8132,3.17818,0.0034,0.26963,0.08841,6.50919,0.88861,0.49876,3.03964,0.27371,5.98045,5.29789,0.75786,5.70801,1.95425,8.41325,2.94324,2.03484,0.00766,8.13401,3.14118,0.34895,0.21108,0.32571,4.38717,3.88569,1.80838,10.83832,0.00935,0.93151,0.05695,2.59641,0.56793,0.57088,0.65504,1.18012,5.86252,1.50518,3.92817,0.71519,2.64033,1.46621,0.0605,3.05924,2.18564,0.6011,3.72144,0.24719,9.24354,1.71087,0.17649,0.70074,2.69036,4.74529,15.03245,24.33971,0.2171,1.70972,0.5143,6.3506,1.80228,1.52194,5.12092,2.30809,11.77076,6.4127,6.53184,0.74665,2.79938,1.36653,0.22236,6.85921,3.4931,1.71481,8.16055,2.11775,14.22732,4.89339,1.68706,7.53558,2.95816,6.33337,4.39668,15.97811,0.79363,6.6094,1.15765,0.43379,7.79525,13.68942,3.13681,58.89429,0.29599,1.18164,3.63122,1.5248,0.4359,1.88488,7.09254,0.78754,0.12244,1.12616,0.12982,0.91084,0.86522,1.49419,21.30025,5.26523,3.72072,2.5677,2.05936,2.69502,3.57337,1.47472,3.94052,3.00683,0.8079,0.54291,1.15367,0.64319,5.65644,1.98111,7.19185,1.03759,8.55674,3.88705,0.8114,0.30739,0.3777,1.9772,0.15061,0.62126,2.32295,1.69305,2.31954,1.37316,4.36511,0.78883,1.85617,2.39765,0.92659,3.12538,11.86755,3.00652,0.59026,1.99802,2.13774,1.56868,2.12905,7.40678,2.79609,5.5786,2.22357,15.76589,2.89523,0.21442,7.60218,0.40619,2.38342,6.44824,12.47213,0.00052,4.86405,1.62182,0.68625,1.08683,9.76489,6.0154,0.12652,7.07699,2.20057,1.42816,12.74767,0,4.40975,2.14285,3.8005,10.01084,5.87059,4.93561,2.43457,3.05021,3.06953,10.63161,51.65017,0.45537,5.96905,4.45914,0.4769,1.75881,3.3493,0.04247,0.73253,5.06653,1.68652,0.68168,4.93107,3.38661,2.14641,0.41683,4.37066,15.69121,1.04365,11.47213,1.18877,5.17767,5.09499,3.92565,2.39223,1.57658,5.96055,0.47731,1.35916,0.04599,0.20871,1.48551,3.07491,2.47219,11.70892,0.97464,5.46428,2.47856,12.56187,4.11022,1.30226,1.75259,2.72761,0.98641,1.24096,6.71885,1.09541,10.92654,0.12481,0.1831,0.37776,2.15015,1.73574,4.7532,1.12997,15.68244,1.55118,14.69428,3.81991,4.618,0.62364,4.79767,1.49382,1.48855,0.18792,6.22858,0,2.85261,0.83923,7.91183,0.56843,5.43385,9.00993,0.9068,1.91475,1.76711,0.67032,15.90348,1.45466,5.29007,9.57092,9.22843,6.8823,5.71106,0.52683,2.32721,0.07464,2.00439,3.68892,6.03842,3.49095,0.40415,0.33455,3.84636,3.26339,0.3112,2.86967,3.01339,1.72416,2.2851,0.00163,7.48453,5.09901,10.99068,0.61418,9.57927,44.57283,15.1698,0.87123,1.36698,3.18403,3.17316,1.41863,1.4336,4.36124,11.45384,10.47806,8.5353,5.86639,17.97873,0.88601,16.80398,17.82733,0.19335,0.47117,5.54567,3.80925,1.26682,8.66157,8.68398,5.09908,72.67669,3.34348,2.10214,10.21924,2.36777,32.13762
"Ascomycota",0,0,0,0,0,0,0,0,0,0,0,0,0,0,0,0,0,0,0,0,0,0,0,0,0,0,0,1e-04,0,0,0,0,0,0,0,0,0,0,0,0,0,0,0,0,0,0,0,0,0,0,0,0,0,0,0,0,0,0,0,0,0,0,0,0,0,0,0,0,0,0,0,0,0,0,0,0,0,0,0,0,0,0,0,0,0,0,0,0,0,0,0,0,0,0,0,0,0,0,0,0,0,0,0,0,0,0,0,0,0,0,0,0,0,0,0,0,0,0,0,0,0,0,0,0,0,0,0,0,0,0,0,0,0,0,0,0,0,0,0,0,0,0,0,0,0,0,0,0,0,0,0,0,0,0,0,0,0,0,0,0,0,0,0,0,0,0,0,0,0,0,0,0,0,0,0,0,0,0,0,0,0,0,0,0,0,0,0,0,0,0,0,0,0,0,0,0,0,0,0,0,0,0,0,0,0,0,0,0,0,0,0,0,0,0,0,0,0,0,0,0,0,0,0,0,0,0,0,0,0,0,0,0,0,0,0,0,0,0,0,0,0,0,0,0,0,0,0,0,0,0,0,0,0,0,0,0,0,0,0,0,0,0,0,0,0,0,0,0,0,0,0,0,0,0,0,0,0,0,0,0,0,0,0,0,0,0,0,0,0,0,0,0,0,0,0,0,0,0,0,0,0,0,0,0,0,0,0,0,0,0,0,0,0,0,0,0,0,0,0,0,0,0,0,0,0,0,0,0,0,0,0,0,0,0,0,0,0,0,0,0,0,0,0,0,0,0,0,0,0,0,0,0,0,0,0,0,0,0,0,0,0,0,0,0,0,0,0,0,0,0,0,0,0,0,0,0,0,0,0,0,0,0,0,0,0,0,0,0,0,0,0,0,0,0,0,0,0,0,0,0,0,0,0,0,0,0,0,0.02209,0,0,0,0,0,0,0,0,0,0,0,0,0,0,0,0,0,0,0,0,0,0,0,0,0,0,0,0,0,0,0,0,0,0,0,0,0,0,0,0,0,0,0,0,0,0,0,0,0,0,0,0,0,0,0,0,0,0,0,0,0,0,0,0,0,0,0,0,0,0,0,0,0,0,0,0,0,0,0,0,0,0,0,0,0,0,0,0,0,0,0,0,0,0,0,0,0,0,0,0,0,0,0,0,0,0,0,0,0,0,0,0,0,0,0,0,0,0,0,0,0,0,0,0,0,0,0,0,0,0,0,0,0,0,0,0,0,0,0,0,0,0,0,0,0,0,0,0,0,0,0,0,0,0,0,0,0,0,0,0,0,0,0,0,0,0,0,0,0,0,0,0,0,0,0,0,0,0,0,0,0,0,0,0,0,0,0,0,0,0,0,0,0,0,0,0,0,0,0,0,0,0,0,0,0,0,0,0
"Bacteroidetes",56.82129,41.47197,15.7465,40.62556,63.35783,38.97644,20.43565,39.62359,70.05097,77.02103,28.87018,48.26447,42.95121,24.43364,40.80411,40.17245,24.799,46.70933,10.55934,88.04626,61.62075,68.79645,44.10094,26.94777,48.87605,49.18929,37.67225,0.57173,37.78344,68.17286,50.75301,45.23785,49.08582,41.69779,83.42247,63.75963,34.44976,66.3413,61.14121,59.01537,34.96841,71.23029,27.44961,46.6818,24.14446,29.16128,47.9135,82.23868,26.03081,83.91772,48.11708,42.61153,26.30401,68.93525,27.19124,41.94962,58.13484,42.64305,38.39459,45.6271,67.77515,72.52481,54.506,39.87711,35.18392,51.33694,30.88525,71.2691,48.13045,87.93258,78.52228,75.30792,76.12195,50.59478,85.68309,63.03332,46.0047,48.35285,61.45236,52.76569,42.72203,72.73432,72.1075,31.58235,75.85707,55.70034,81.05058,18.55593,72.90934,75.69486,41.75842,53.42925,56.70245,50.68125,81.23408,67.03913,34.3539,40.94741,70.77946,86.84648,44.21311,39.87345,76.34162,57.10272,65.56978,58.83373,62.74116,39.01793,46.59797,70.27891,57.04147,55.84213,69.26031,74.90142,50.61647,45.65278,72.17444,58.67848,55.72994,46.79348,65.43486,57.03262,51.11943,69.19333,47.38248,61.25665,65.39137,37.41551,69.76224,57.45212,27.85974,46.39077,64.2244,46.22754,75.64374,69.9763,51.36842,39.06675,57.50828,37.28906,65.05107,56.32681,25.63135,48.76508,53.24662,37.38373,75.64832,51.92675,38.35866,43.86656,59.82791,77.29855,19.90491,27.5194,59.38943,45.99455,21.13462,64.89393,59.21156,50.21815,65.376,35.03622,61.15292,22.27585,37.95723,51.1431,57.1105,27.76867,41.21552,53.39346,59.71748,68.91399,15.32958,56.66563,70.31367,49.65242,79.49983,56.87595,75.73992,49.46893,52.66446,65.29141,63.16127,59.31796,29.68252,23.80453,72.27773,43.21505,32.97297,45.31606,61.09755,73.97191,32.05053,51.72982,74.72526,60.70994,64.76411,47.0636,14.70215,25.27643,11.72769,77.57342,68.6493,55.61529,75.10953,51.20504,54.95698,46.79238,87.18974,45.80088,50.99581,32.78051,88.72274,53.46666,67.66278,74.95424,74.07329,74.58171,84.3175,51.40014,3.57576,70.99844,60.60386,67.70913,73.57042,66.05787,59.19087,36.21118,54.49721,70.91777,77.57502,58.36454,66.7508,40.58467,68.01107,76.89605,80.95793,59.13036,74.10191,45.17412,60.27295,63.20711,30.6921,76.74076,86.70963,66.88218,56.7262,41.72248,67.90217,41.00555,30.84289,63.37923,29.32198,51.53066,83.28523,78.81118,83.03948,62.56914,23.88656,55.40138,65.01578,84.54763,50.20064,91.75058,78.89426,64.46685,23.34402,73.2912,44.78458,87.23733,16.40866,49.62212,12.42332,45.62203,65.24356,60.93911,74.7181,38.8769,58.43571,62.80197,60.15845,65.58399,15.00848,41.1817,76.82999,34.34848,75.77169,42.89503,16.16531,68.23557,83.95677,78.17423,53.9604,63.17337,75.22116,69.15028,59.29882,82.00662,86.22901,72.37786,28.29666,84.3196,88.57476,54.93676,55.28994,63.76149,62.44664,72.44527,54.8205,76.99202,71.43339,63.47355,64.368,76.65066,50.66098,42.34291,83.43953,78.43439,79.15655,48.69679,54.07526,56.25402,65.0337,79.97264,84.29989,84.7165,2.17355,73.73222,81.85951,34.2439,73.62064,32.05937,71.62422,87.41888,5.64242,56.80588,44.18074,59.11492,44.83955,71.47132,70.14347,61.99222,75.04712,70.03416,44.2595,69.67619,86.50738,32.30515,64.46466,63.18553,33.87736,57.31227,60.66487,42.23911,54.10355,4.59678,36.90283,41.67001,50.45007,58.29773,69.59911,50.12305,70.26746,52.33385,65.93842,50.67569,59.37298,1.74615,18.19624,73.04832,54.05835,41.51806,46.16387,40.7909,68.60134,34.61298,50.64842,47.86536,51.38402,34.28027,52.02245,64.66933,7.30516,52.82196,42.6051,38.74606,15.80183,56.97746,40.90279,62.48462,70.08956,84.30796,45.90162,21.83421,75.6054,78.49722,8.30688,56.38204,55.01061,73.24299,67.35433,36.13809,73.35472,72.15198,52.37415,41.34309,58.68142,42.72165,80.26976,81.1652,76.55845,74.23824,81.7656,58.09443,83.70094,30.26827,48.80434,59.41534,66.24431,56.8322,58.14361,66.07375,74.44472,87.94702,42.05752,84.70029,84.75803,40.94563,39.60976,74.16896,77.0101,67.98739,60.20414,80.83177,80.17419,78.32495,53.97714,55.91024,86.50657,85.57016,55.82531,79.66643,59.30797,79.78218,41.62145,70.00368,60.22112,79.1191,63.97956,84.35582,59.12494,48.43013,75.50327,63.6427,37.7272,49.95346,63.10542,64.78389,55.94856,71.54646,68.364,43.38224,44.78061,78.08511,44.17236,68.5306,44.17336,71.21186,0,51.34067,87.25062,62.95478,68.31098,71.989,78.60895,50.35319,28.68942,37.47199,32.73041,33.28074,76.41503,49.55598,54.18373,70.53951,92.47111,54.64982,87.64157,77.32231,60.3935,79.20706,28.02871,74.74003,57.21775,57.34235,87.16254,70.587,52.20731,68.4421,42.82577,60.38186,44.77842,36.01138,39.2147,78.2255,81.89667,55.72507,50.77182,75.06221,90.75247,89.81348,65.91893,51.78158,63.49027,26.73137,33.91571,79.05086,61.52856,44.69914,26.86473,68.43387,71.92228,75.02718,81.83545,81.49136,46.61283,88.12787,36.90419,75.32521,32.93564,80.52054,37.90326,72.76506,39.58908,76.78085,53.10739,52.49712,41.94951,60.94602,78.89789,67.48247,28.25213,56.01373,50.49809,43.54665,37.049,62.03376,49.70815,51.37525,20.14433,75.04088,49.84942,55.46697,58.68487,56.09241,54.82041,79.33595,44.50565,74.48659,65.50674,44.02038,53.83375,37.39152,46.54219,5.31365,83.85634,41.90251,71.40586,43.32293,28.34902,54.54397,57.78193,75.90427,49.89306,50.91301,74.1538,55.60936,60.99074,73.08351,35.87338,89.65696,63.41601,39.95985,56.90829,63.07257,75.35622,37.80785,46.02322,56.28895,75.26548,29.88757,36.39487,74.19332,73.12345,36.82131,15.17079,13.59187,31.73199,51.75375,49.66557,64.6988,5.08292,67.66573,33.56189,63.27337,30.35923,41.54088,86.74336,43.31491,57.03713,52.94188,0,62.34308,74.91763,20.54172,69.63283,35.43886
"Candidatus Melainabacteria",0,0,0,0,0,0,0,0,0,0,0,0,0,0,0,0,0,0,0,0,0,0,0,0,0,0,0,0,0,0,0,0,0,0,0,0,0,0,0,0,0,0,0,0,0,0,0,0,0,0,0,0,0,0,0,0,0,0,0,0,0,0,0.13087,0,0,0,0,0,0,0,0,0,0,0,0,0,0,0,0,0,0,0,0,0,0,0,0,0,0,0,0,0,0,0,0,0,0,0,0,0,0,0,0,0,0,0,0,0,0,0,0,0,0,0,0,0,0,0,0,0,0,0,0,0,0,0,0,0,0,0,0,0,0,0,0,0,0,0,0,0,0,0,0,0,0,0,0,0,0,0,0,0,0,0,0,0,0,0,0,0,0,0,0,0,0,0,0,0,0,0,0,0,0,0,0,0,0,0,0,0,0,0,0,0,0,0,0,0,0,0,0,0,0,0,0.12605,0,0,0,0,0,0,0,0,0,0,0,0,0,0,0,0,0,0,0,0,0,0,0,0,0,0,0,0,0,0,0,0,0,0,0,0,0,0,0,0,0,0,0,0,0,0,0,0,0,0,0,0,0,0,0,0,0,0,0,0,0,0,0,0,0,0,0,0,0,0,0,0,0,0,0,0,0,0,0,0,0,0,0,0,0,0,0,0,0,0,0,0,0,0,0,0,0,0,0,0,0,0,0,0,0,0,0,0,0,0,0,0,0,0,0,0,0,0,0,0,0,0,0,0,0,0,0,0,0,0,0,0,0,0,0,0,0,0,0,0,0,0,0,0,0,0,0,0,0,0,0,0,0,0,0,0,0,0,0,0,0,0,0,0,0,0,0,0,0,0,0,0,0,0,0,0,0,0,0,0,0,0,0,0,0,0,0,0,0,0,0,0,0,0,0,0,0,0,0,0.00535,0,0,0,0,0,0,0,0,0,0,0,0,0,0,0,0,0,0,0,0,0,0,0,0,0,0,0,0,0,0,0,0,0,0,0,0,0,0,0,0,0,0,0,0,0,0,0,0,0,0,0,0,0,0,0,0,0,0,0,0,0,0,0,0,0.20615,0,0,0,0,0,0,0,0,0,0,0,0,0,0,0,0,0,0,0,0,0,0,0,0,0,0,0,0,0,0,0,0,0,0,0,0,1.548,0,0,0,0,0,0,0,0,0,0,0,0,0,0,0,0,0,0,0,0,0,0,0,0,0,0,0,0,0,0,0,0,0,0,0,0,0,0,0,0,0,0,0,0,0,0,0,0,0,0,0,0,0,0,0,0,0,0,0,0,0,0,0,0,0,0,0,0,0,0,0,0,0,0,0,0,0,0,0,0,0,0,0,0,0,0,0,0,0,0,0,0,0,0,0,0,0,0,0,0,0,0,0,0,0,0,0,0,0,0,0,0,0,0,0,0,0,0,0
"Deinococcus-Thermus",0,0,0,0,0,0,0,0,0,0,0,0,0,0,0,0,0,0,0,0,0,0,0,0,0,0,0,0,0,0,0,0,0,0,0,0,0,0,0,0,0,0,0,0,0,0,0,0,0,0,0.01693,0,0,0,0,0,0,0,0,0,0,0,0,0,0,0,0,0,0,0,0,0,0,0,0,0,0,0,0,0,0,0,0,0,0,0,0,0,0,0,0,0,0,0,0,0,0,0,0,0,0,0,0,0,0,0,0,0,0,0,0,0,0,0,0,0,0,0,0,0,0,0,0,0,0,0,0,0,0,0,0,0,0,0,0,0,0,0,0,0,0,0,0,0,0,0,0,0,0,0,0,0,0,0,0,0,0,0,0,0,0,0.00339,0,0,0,0,0,0,0,0,0,0,0,0,0,0,0,0,0,0,0,0,0,0,0,0,0,0,0,0,0,0,0,0,0,0,0,0,0,0,0,0,0,0,0,0,0,0,0,0,0,0,0,0,0,0,0,0,0,0,0,0,0,0,0,0,0,0,0,0,0,0,0,0,0,0,0,0,0,0,0,0,0,0,0,0,0,0,0,0,0,0,0,0,0,0,0,0,0,0,0,0,0,0,0,0,0,0,0,0,0,0,0,0,0,0,0,0,0,0,0,0,0,0,0,0,0,0,0,0,0,0,0,0,0,0,0,0,0,0,0,0,0,0,0,0,0,0,0,0,0,0,0,0,0,0,0,0,0,0,0,0,0,0,0,0,0,0,0,0,0,0,0,0,0,0,0,0,0,0,0,0,0,0,0,0,0,0,0,0,0,0,0,0,0,0,0,0,0,0,0,0,0,0,0,0,0,0,0,0,0,0,0,0,0,0,0,0,0,0.01225,0,0,0,0,0,0,0,0,0,0,0,0,0,0,0,0,0,0,0,0,0,0,0,0,0,0,0,0,0,0,0,0,0,0,0,0,0,0,0,0,0,0,0,0,0,0,0,0,0,0,0,0,0,0,0,0,0,0,0,0,0,0,0,0,0,0,0,0,0,0,0,0,0,0,0,0,0,0,0,0,0,0,0,0,0,0,0,0,0,0,0,0,0,0,0,0,0,0,0,0,0,0,0,0,0,0,0,0,0,0,0,0,0,0,0,0,0,0,0,0,0,0,0,0,0,0,0,0,0,0,0,0,0,0,0,0,0,0,0,0,0,0,0,0,0,0,0,0,0,0,0,0,0,0,0,0,0,0,0,0,0,0,0,0,0,0,0,0,0,0,0,0,0,0,0,0,0,0,0,0,0,0,0,0,0,0,0,0,0,0,0,0,0,0,0,0,0,0,0,0,0,0,0,0,0,0,0,0,0,0,0,0,0,0,0,0,0,0,0,0,0,0,0,0,0,0,0,0,0,0,0,0,0,0,0,0
"Euryarchaeota",0,0,0,0,0,0,0,0,0,0,0,0,1.22486,0,0,0,0,0,0,0,0,0,0,1.95717,0,0,0,0,0,0,0,0,0,0,0,1.88848,0,0,0.13423,0,0,0,0.01246,0,0,0,0,0,0,0,0,0,0,0,0,0,0,0,0,0,0,0,0,0.21264,0,0,3.19458,0,0,0,0,0.03154,0,0.17305,0,0,0,0,0.23728,0,0,0,0.01874,0,0,0.02424,0,0,0,0,1.12127,0,0.00139,0,0,0,0.01686,0,0,0,0,0,0,0,0,0,0,0,0,0,0,0,0,0,0,0,0,0,0,0,0,1.09976,0.06609,0,0,0,0,0,0,0,0,0.98315,0,0,0,0,0,0,0,0,0,0,0,0,0.00845,2.4938,0,0,0,0.05433,0,0,0,1.04993,0,0,0,0,0,0,0,0,0,0,0,0,0,0,0,0,0,0,0,0,0,0,0,0,0,0,1.0629,0,0,0.24236,0,0,0,0,0.03341,0,0,0,0,0,0,0,0,0,0,0,0,0,0,0,0.015,0,0,0,0,0,0,0,0,0,0,0.00421,0,0,0,0,0,0.13847,0,0,0,0.513,0,0.03871,0,0,0,0,0,0,0,0,0,0,0,0,0,0,0,0,0,0,0,0,0,0,0,0,0,0,0,0,0,0,0,0,0,0,0,0,0,0,0.1944,0,0,0,0,0,0,0,0,0,0,0,0,0,0,0,0,0,0.13652,0,0,0,0,0,0,0,0,0,0,0,0,0,0,0,0.19067,0,0,0.22322,0,0,0,0,0.64423,0,0,0,0,0,0,0,0,0,0.00473,0,0.0241,0,0,0,0,0,0,0,0.03542,0,0,0,0,0,0,0.07949,0,0,1.05354,0,0,0,0,0.17053,0,0,0,0,0,0,0,0,0,0,0,0,0.00527,0,0,0,0,0,0,0,0,0.26113,0,0,0.00696,0,0,0,0,0,0,0,0.01389,0.19099,0.11399,0,0,0,0,0,0.12955,0,0,0.01305,0,0,0,0,0,0,0,0,0,0,0,0,0,0,0,0,0.10355,0,0,0,0,0,0,0,0,0.02609,0,0,0,0,0,0,0.5166,0,0,0,0,0,0,0,0,0,0.02217,0.08767,0,0,0,0,0,0,0,0,0,0,0,0,0,0,0,0,0,0,0,0,0,0,0,0,0,0,0,0,0.09061,0,0,0,0.03254,0,0,0,0,0,0,0,0,0,0,0,0,0,0,0,0.2289,0,0,0.00401,0,0,0,0,0,0,0,0,0,0,0,0,0,0,0,0,0,0,0.33584,0,0,0,0,0,0,0,0,0,0,0,0,0,0,0,0,0.00378,0,0,0,0.0302,0,0,0,0,0,0,0.03315,0,0,0,0,0,0,0,0,0,0,0.18109,0,0,0,0,0,0,6.30718,0.0581,0,0,0,0,0,0,0,0,0,0,0,0,0,0,0,0,0,0,0,0,0,0,0,0,0,0.08156,0,0,0,0,0,0,0,0,0,0,0,0,0,1.28806,0.00991,0,0,0,1.10074,0,0,0,0,0,0,0,0,0,0,0,0,0,0,0,0,0,0,0,0,0
"Firmicutes",16.98422,46.84987,77.88076,52.57616,32.81621,36.6441,47.31493,34.42962,28.59102,20.28904,59.91878,41.75082,51.13232,56.87749,45.91035,49.02837,54.40885,49.36821,45.85464,9.54535,31.03043,29.21257,44.37406,67.38484,16.94402,47.07898,18.64392,32.04939,55.09337,23.74093,40.04475,48.69988,36.92041,46.74424,14.85704,26.39433,36.46204,19.25485,34.97229,34.88322,42.80039,20.26797,38.7574,43,29.25417,58.35656,19.234,15.30029,35.94792,13.41531,46.72104,47.65346,68.4014,26.49055,38.81653,52.66694,40.44307,27.3896,56.82784,41.43074,15.8261,25.5774,17.30334,54.51661,42.10532,43.55093,43.7034,20.32476,48.46133,9.19583,15.19631,15.70794,20.30958,42.36789,7.62181,32.8337,46.35018,39.2795,25.89417,32.60466,50.13279,24.72381,25.67506,61.68289,18.61442,34.16721,13.11364,20.77317,22.07206,19.99632,50.34493,30.06655,39.78911,48.21606,15.04466,13.14243,41.23422,45.24286,22.32959,5.25029,48.59942,38.27454,17.49833,37.05136,15.32287,35.62562,30.66824,57.01496,16.268,24.65555,35.40638,33.48537,28.25966,19.90839,46.30373,50.36936,22.03472,28.8886,43.66591,44.18067,26.77467,37.62445,45.52133,27.64917,47.96781,26.5755,25.44697,54.39894,25.58596,35.88233,62.74101,27.34163,31.42345,45.34005,23.28026,23.55392,43.4992,57.51898,40.97843,26.04039,21.61698,34.83116,33.76238,40.68334,39.32687,56.4398,18.88788,41.12981,47.35202,39.91952,38.85587,17.65741,70.50846,67.2193,26.391,38.71723,76.40144,28.06218,36.62964,13.98209,26.98034,53.52455,34.84517,69.97354,45.36617,39.42308,35.47158,51.51059,49.67635,44.13098,34.6044,26.83487,39.11979,23.27069,28.94003,41.41116,12.45141,40.54709,22.51617,35.55216,30.78914,27.91678,15.68002,35.46979,51.97928,36.3117,23.55494,20.41222,51.63574,46.41084,33.90984,18.6087,55.93395,46.37369,20.2332,33.94697,25.18065,48.26324,75.38908,65.96826,6.91188,17.41268,27.71415,32.52464,21.96744,48.5388,33.0333,37.71503,8.49438,42.48898,44.91831,43.3294,6.29318,25.44456,25.14897,20.80749,19.19954,18.48306,8.7798,44.25003,74.68027,25.87944,18.91505,26.80776,20.08202,31.69734,25.21188,54.59482,38.04156,26.33148,19.43917,33.9935,30.40211,47.51549,30.47719,19.80643,11.90488,32.76229,23.94759,37.79297,36.9962,27.68667,35.29124,20.5065,11.4047,24.4367,31.51917,54.81016,29.08615,50.15115,60.09166,33.62269,32.04502,46.79585,14.26083,18.40286,14.69406,36.04074,71.21082,42.808,29.16873,13.42876,46.92919,8.17044,16.42874,22.84181,34.04036,15.22275,48.53694,9.08712,53.49713,45.03138,69.653,39.37232,28.23638,36.6262,20.44479,50.04169,38.06929,30.23339,10.76744,19.19553,71.34574,15.09973,22.09594,54.78932,17.08968,45.18098,68.28282,28.45878,15.61627,18.24362,30.44234,32.69273,15.87588,26.83381,36.41664,6.84234,12.18148,15.14871,62.91291,14.20263,10.54143,41.54202,44.40451,29.95898,26.7278,24.2075,26.73537,19.54418,13.89452,33.48024,30.70942,19.59841,40.67162,53.76904,10.78292,21.22329,19.68327,45.79983,41.01105,32.27548,21.4454,19.63256,12.73291,14.79065,91.88485,23.68672,16.11145,18.55063,24.63497,60.27515,17.1219,8.64291,4.4737,35.03151,53.22371,6.16389,49.4345,25.89419,27.64367,34.05998,24.69729,18.07775,36.80972,24.22502,11.58726,27.09621,7.15836,21.76578,41.39286,12.59844,21.87834,53.27917,39.54588,76.89416,22.21147,48.73624,46.1813,28.44094,22.17521,39.58586,28.33107,43.44725,30.6683,31.94493,25.24055,82.25562,28.47055,16.58117,29.31405,43.16468,45.1412,43.88552,23.68349,59.62186,42.17651,44.17301,32.16249,48.26455,39.51811,34.00651,4.60864,39.22855,41.33229,51.02244,24.91769,24.03958,39.99119,27.6306,21.77487,15.16419,47.3518,70.91601,21.48255,18.20374,65.89154,38.88821,43.3479,25.73085,30.60447,41.38066,18.15863,23.67534,24.7303,45.39395,37.9046,50.64475,16.84854,14.30004,19.94158,19.47633,17.19446,39.77571,14.49328,63.70017,37.84825,33.24991,29.25178,34.29296,35.29702,32.65603,22.76628,11.04685,50.55818,13.50681,13.76521,32.35187,52.18668,23.07724,20.24122,23.59918,37.99456,14.70898,16.04841,20.7252,42.69691,23.21737,9.58198,13.14631,38.49433,16.25626,38.93026,15.03269,47.38248,26.63778,26.20795,17.80751,20.03337,10.23984,35.25604,33.84812,12.34722,33.59099,54.88274,32.65783,36.0173,30.1492,40.10242,27.47682,29.74464,45.78245,48.75132,16.60797,48.12614,29.13753,53.54765,15.30189,10.86804,43.56073,10.46903,26.53229,20.18367,21.43885,13.88701,38.77558,20.30236,58.05642,55.93621,14.56745,19.7702,35.15423,41.28451,28.94771,4.78223,39.93006,11.28426,21.6092,34.26112,18.68132,31.53557,20.24466,38.0338,40.27152,10.90725,24.28827,29.56247,26.61728,45.33632,36.5275,47.3773,53.03335,54.69635,19.08421,13.96628,37.8654,29.40343,18.98622,7.80607,9.32558,32.08387,44.61062,32.94898,58.41698,61.11029,15.15297,27.02024,24.08504,68.49655,27.25504,19.96861,18.09191,14.00194,16.97361,41.07932,8.37683,47.71152,21.66731,66.54821,19.05143,38.00865,25.44262,42.35593,20.09394,31.0893,45.71169,41.91272,34.40363,16.29601,31.75538,66.2603,34.76019,45.88951,45.06621,54.17653,36.92525,44.34312,46.84129,60.11592,23.04162,44.36086,35.46232,36.9471,36.32953,40.62403,19.3534,35.40458,23.97374,26.05902,43.31929,36.61789,54.97508,46.0874,90.97645,12.94122,38.68453,14.95791,51.12925,63.90249,38.73553,41.75883,23.01979,43.66314,13.03741,20.67253,40.65858,34.60015,25.04794,61.70586,7.8918,27.39494,54.60603,31.49168,34.33499,11.83371,16.39164,37.75307,14.03134,20.97344,60.27297,59.97612,22.56763,23.92379,58.63036,72.11126,75.54741,53.09783,40.47577,31.39299,33.85235,75.05661,14.29964,66.24477,35.35612,62.51647,44.95388,11.89792,47.96855,32.41207,40.26435,25.38153,33.40748,22.2453,65.86918,26.94058,28.57449
"Fusobacteria",23.726,0.16281,0,0,0,0,0.30483,0,0.14499,0,0,2.34259,0,0,0,0.04093,1.59069,0,0,0,0.16292,0,0,0,8.00083,0,0,2.893,0,0.00194,8.5577,0.02464,0,0.29536,0.0212,0.4495,27.4135,0.46664,0,0,16.79374,3.42116,0,0.00343,0,0.01047,0.73897,0.20646,0.63242,1.07077,0.21691,3.1085,0,0.31651,0,0,0.01643,0,1.68171,0.61671,9.1631,0,0,0,0.02138,0,0.15196,0.101,0,0.02094,0.63699,0.04208,0.01267,0,0.00021,3.12621,2.13046,1.88309,0,1.69534,0,0,0,0.08216,0,0,1.65243,0,0,0.17724,0,0.83027,0,0,0,0.08365,0.01859,0,0.01705,0.38915,1.02354,0,0,0.32641,11.47681,0.04492,0.36618,0.00286,0.09085,0,0,1.41758,1.92239,0.02726,0,0,0,3.55564,0,5.44497,2.97599,0,0,0,0,2.27377,0.02113,0,0.00756,0.08555,0.00196,0,0.01312,0,0,0,0,0,0,0,0,0,0.00159,0.2051,0,0.11649,0.45981,0,0,0,0,0,0,0,0.22007,4.74717,0,0,0,0.00479,0,0.00302,0,0.32787,0,0,0,0,0,0,0,0,0,0.01375,0,0,0,0,0,0.70199,0,0,2.5868,0.45238,0,0,0.00747,0.70165,0.70167,0,0,0.03939,0,0,0,0.00421,0.06228,1.57292,0.00745,0.05153,0.03417,0,0,0,0.29819,0,0,0,3.58607,0.88443,0.01932,17.49964,1.06748,0.06073,0.00411,0,2.57643,2.77619,0,1.31769,0.07734,0,0.02171,3.58822,0.62822,0,0.00091,0,0,0,0.24767,0.03442,0,0,0.37928,1.52759,0,0,0,0.00582,0.16644,0,0,0,0,0.01727,0.19603,1.69128,0,0.54701,0,1.20203,0.00127,0,0,0.00932,0.76151,0,0,0.01319,0,0.0941,0.05843,0,1.3812,0,0,0.04092,0,0.0913,0.01381,0,0,1.16242,0,0,0.36013,0,0.75504,0.30304,0.00111,13.2121,1.45044,0,0,0.14334,2.45443,0,0,0.18519,0,0.0311,0,0.50287,0.66113,0,0,1.01559,0.00738,2.69324,0,0.08908,0.17585,0,0.00109,0.00035,4.57217,0.11342,2.53718,0.65518,0.21527,0,0.00434,0,0,0.03017,4.8241,0,0,0,0,0,1.33039,0,0.85268,0.31582,0.01053,0,0,1.04912,0,0.11141,3.74614,0.00942,1.16506,1.01671,0,0.42527,0,0.09364,0.1198,0,0,0.02309,0.30324,1.84355,0.10069,0,6.00426,0,0.09891,22.88394,5.34265,0.85133,0,0.16698,9.24249,0.05729,0.00153,0,0,0.20499,0.47316,0,1.47693,0.01394,0.21506,7.40173,0.00797,0.52073,0,0.00335,1.00519,0.98957,0.16256,0,0.46631,0.31644,0,4.03531,1.39603,0,0,0,0,0,0,0,0.04339,0.03468,0.00429,0,0,0.13793,0.1988,2.11226,0,0.00492,0.26068,0,5e-04,0,2.60397,0.19851,3.23812,0.0144,0,0.21343,0,0,0,0.27207,0.03959,0,1.09615,0,6.81445,0,0,0,0,0,0,0,0.0097,0.02295,0.09501,0.11033,1.19404,0.02914,0,0,0,0.00028,0,0,0,0,0.7468,0.3485,0,0.23619,0,2.81742,0,0,0,0,0,0,0.06604,0,0,0,0.884,0,0,0,0.91645,0,0,0,0.00605,0,0,0,0,0.32449,45.89566,0,0,4.63369,1.02364,0.00533,0,0,0.01177,0.10067,0,0,0,4.04234,0,0,0.76695,0,0.20266,0,0.01518,0,0,0.00027,0,0.01113,0.02805,0.53188,0,0,0,0,0,0,0,0.06917,1.39679,0.00521,0,0,1.1552,0,0,0,0,0,1.14385,0,0.06153,0,0.08362,0.1553,0,2.58063,1.00741,0,0.04349,0.55219,0,0,0,0,0,0,1.09132,0,0,0.00651,0.05563,0,0.14157,0,0,0,0,0,0,0,0,0,0,0,0,0,1.56719,0,1.16589,0.01598,0.00277,0,0,0.01976,0.01451,0,0.18875,2.093,0,0.02733,0.00656,0,0,1.07689,0,0.33962,0.06454,0.39928,0.00872,0.03724,1.00802,0.00551,0,1.41496,0.00599,0,0,0,0,0.41303,0,0.00183,0.20373,0,0,0,0,0,0,0,0.00341,0,0.00501,0.00894,2.47014,0,0,0,0,0.06711,0.01497,0.00256,0,0,0,0.55325,0.65632,0.33352,0,0
"Lentisphaerae",0,0,0,0,0,0,0,0,0,0,0,0,0.03969,0,0,0,0,0.00858,0,0,0,0,0,0,0,0,0,0,0,0,0,0,0,0,0,0,0,0,0.006,0,0,0,0,0,0,0,0,0,0,0,0,0,0,0,0,0,0,0,0,0,0,0,0,0,0,0,0.00949,0,0,0,0,0,0,0,0,0,0,0,0,0,0,0,0,0,0,0,0,0,0,0,0,0,0,0,0,0,0,0,0,0,0,0,0,0,0,0,0,0,0,0,0,0,0,0,0,0,0,0,0,0,0,0,0,0,0,0,0,0.01763,0,0,0,0,0.03645,0,0,0,0,0,0,0,0,0,0,0,0,0,0,0,0,0,0,0,0,0.02161,0,0,0,0,0,0,0,0,0,0,0,0,0,0,0,0,0,0,0,0,0,0,0,0,0,0,0,0,0,0.00817,0,0,0,0,0,0,0,0,0,0,0,0,0,0,0,0,0,0,0,0,0,0,0,0,0,0,0,0,0,0,0,0,0,0,0,0,0,0,0,0,0,0.00069,0,0,0,0,0,0,0,0,0,0,0,0,0,0,0,0,0,0,0,0,0,0,0,0,0,0,0,0,0,0,0,0,0,0,0,0,0,0,0,0,0,0,0,0,0,0,0,0,0,0,0,0,0,0,0,0,0,0,0,0,0,0,0,0,0,0,0,0,0,0,0,0,0,0,0,0,0,0,0,0,0,0,0,0,0,0,0,0,0,0,0,0,0,0,0.01525,0,0,0,0,0,0,0,0,0,0,0,0,0,0,0,0.02622,0,0,0,0,0,0,0,0,0,0,0,0,0,0,0,0,0,0,0,0,0,0,0,0,0,0,0,0,0,0,0,0,0,0,0,0,0,0,0,0,0,0.01778,0,0,0,0,0,0,0,0,0,0,0,0,0,0,0,0,0,0,0,0,0,0,0,0,0,0,0,0,0,0,0,0,0,0,0,0,0,0,0,0,0,0,0,0,0,0,0,0,0,0,0,0,0,0,0,0,0,0,0,0,0,0,0,0,0,0,0,0,0,0,0,0,0,0,0,0,0,0,0,0,0,0,0,0,0,0,0,0,0,0,0,0,0,0,0,0.69365,0.09402,0,0.01395,0.00075,0,0,0,0,0,0,0,0,0,0,0,0,0,0,0,0,0,0,0,0,0,0,0,0.069,0,0,0,0,0,0,0,0,0,0,0,0,0,0,0,0,0,0,0,0,0,0,0,0,0,0,0,0,0,0,0,0,0,0,0,0,0,0,0,0,0,0,0,0,0,0.48866,0.00486,0,0,0,0,0,0,0,0,0,0,0,0,0,0,0,0,0,0,0,0,0,0,0,0,0,0,0.08885,0,0,0,0,0,0,0,0,0,0,0,0,0,0,0,0,0,0,0,0,0,0,0,0,0,0,0,0.04464,0,0,0,0,0,0,0,0,0,0,0
"Proteobacteria",0.36968,0.20229,0.27545,1.23013,1.55085,0.39203,27.66643,0.66666,0.49029,0.22068,0.79326,1.71195,0.83966,0.20666,0.40964,4.30911,0.5216,0.78403,0.32307,0.45671,0.19793,0.16517,2.9602,0.57544,25.89253,1.24786,0.25016,6.0186,1.34255,7.28464,0.16298,1.23966,2.35701,0.00509,0.04718,2.20127,0.34383,0.55069,0.07926,1.67431,2.16586,0.73109,0.59671,4.4264,0,0.79345,26.04055,0.00239,27.97658,0.44608,1.32169,0.3302,0.06288,0.0499,21.29278,0.132,0.05956,29.6905,0.31236,6.73405,0.83328,0.54844,1.02523,3.53086,8.9111,0,0.41387,0.29594,1.10185,0.06861,4.65183,0.17414,1.79168,0.56767,6.16905,0.13476,1.92499,2.90071,4.56192,0.52008,5.9883,0.45693,1.71104,3.26545,0.18948,2.17055,0.22757,60.36383,1.58381,0.69893,4.15655,0.39404,0.06826,0.21731,0.2571,16.44902,11.85929,0.17856,6.1599,0.02001,4.53971,0.15837,1.31089,0.41036,3.33875,0.97083,0.06135,0.26059,26.44058,0.11292,0.08843,0.41366,0.08447,0.105,1.03366,0,0.07668,0.64923,0,1.52217,0.00256,1.14597,1.74259,1.75925,0.24382,0.45348,0.11876,0.4185,0,3.09196,0.04042,24.92137,3.58831,8.05484,0.29735,2.59535,0.20932,0.43443,0.35511,33.29916,1.1745,0.07999,0.19253,0.38533,0.1869,0.0278,4.66524,0.15528,1.80037,9.50534,0.17018,3.85235,4.04048,0.34522,13.70912,3.32981,0.92569,3.92628,2.11251,34.48983,0.04605,1.19242,2.92007,3.69609,2.34466,0.51168,0.88921,0.12177,3.0472,1.16688,0.73597,0.37227,7.63817,15.27588,0.38458,1.66161,5.47189,0.02235,0.6288,7.31801,0.316,0.09333,0.09896,1.67624,0.1812,0.04582,3.17175,35.15504,13.77301,0.34786,2.87004,4.4836,1.93268,1.76575,0.41233,0.63813,7.31831,0.50228,0.1719,3.73571,80.60627,0.37626,1.25044,2.759,0.10006,0.05517,0.00838,0.21046,0.22054,6.70956,2.69369,3.15427,3.75522,0.71985,2.68448,0.20472,0.05615,0.12839,6.50707,0.76667,10.49179,1.4952,18.89128,0.06153,2.15747,0.25559,13.96208,1.23965,2.86863,0.44972,0.80028,5.70676,0.79313,9.84316,0.4444,0.20447,3.04478,0.49559,0.05326,12.81068,1.25762,0,32.01942,0.03283,0.03771,0.09001,0.21101,0.08187,1.45771,0.38166,3.65274,0.12195,35.84104,0.0712,0.67696,0.51418,0.06195,0.51293,2.57674,0.40852,2.30274,0.462,1.1123,0.03324,0.07426,0.93492,0.23735,4.0793,1.97105,3.57268,14.07835,2.93464,1.03648,2.8855,1.08223,0.17616,2.97702,0.59445,0.61509,0.31475,27.44625,0.02893,5.9945,0.00989,0.11136,1.09158,1.34489,9.32668,8.56524,0.34393,0.07858,0.06329,1.29265,0.0206,1.18989,1.97683,1.09439,2.7867,0.44421,9.69179,2.08849,0.48465,0.10679,0.22857,0.02657,0.29374,0.90755,2.01288,2.49888,0.85083,0.55938,0.06667,2.78752,0.08402,0.46654,0.6113,0.56785,0.1307,0.69723,0.66414,0.98868,4.57423,1.12136,0.38547,0.3198,0.12008,3.33468,2.01309,0.02991,45.50134,0.10653,1.67862,0.03238,0,88.00234,0.84828,1.05787,34.20401,1.56096,0.3008,1.49198,0.22635,0.0084,0.67629,3.68384,4.07596,1.09487,37.90192,17.47942,0.00117,0.23421,6.98824,10.3838,3.1161,0,0.34969,29.95518,4.2635,1.05896,1.22808,1.74636,0.03403,0.18167,1.41184,0.5495,16.87507,5.3422,4.84451,51.55532,1.17592,14.50988,0.01783,2.69591,12.59328,0,2.5683,0.20279,1.71662,0.22229,12.58628,0.07395,0.13076,83.09045,0.11204,0.74682,7.0849,0.38617,18.64558,17.88101,6.2183,6.12409,0.0919,0.49057,0.01933,0.42717,1.06434,24.67196,0.44594,0.46227,0.145,0.54323,0.25592,0.54078,0.24288,15.86747,11.18921,0,2.0139,1.407,0.0867,0.4672,5.20503,0.45738,0.80116,0.05853,0.37232,1.86143,0.14286,0.01203,0.31227,1.38068,0.06884,2.48162,0.59817,5.39705,1.61935,0.48997,24.26922,4.68051,0.38839,1.3326,2.15081,0.41528,2.60192,1.37877,0.01682,0.19739,1.05375,0.12382,0.34476,3.65929,0.24081,0.19309,0.23747,2.17871,0.23496,6.01712,0.84757,0.21963,2.50909,3.22594,0.35027,11.73529,0,0.0568,4.91663,0.87676,0.122,1.35665,0.08431,0.11075,0.66953,0.31779,0.13329,0.31007,0.13127,0.81227,0.29542,43.23631,0.68622,0.13493,1.6646,0.43464,0.67842,1.87452,5.44969,47.94619,0.46533,0.31658,0.36175,3.08219,5.26638,0.07263,0.03184,0.21719,2.06883,0.02289,0.21815,0.26365,0.41656,39.29482,0.08392,1.23698,0.22858,0.91882,0.18026,0.91147,0.44955,0.35763,1.9019,2.6026,2.35841,0.80851,0.21729,1.11184,0.44121,19.13402,3.41814,0.24028,0.05054,0.51075,0.5259,1.08668,3.1356,1.82253,0.23794,8.87339,1.5696,0.43796,0.08222,3.3077,1.57106,0.50393,0.26269,5.53772,0.53197,4.45149,2.82223,0.18679,0.04793,21.89452,0.05568,5.28665,1.99442,0.11248,0.01265,1.38784,0.6102,0.04217,0.13205,0.68682,6.28737,0.0125,1.31126,2.5429,0.01362,3.09615,0.93228,0.85686,1.28093,0.24995,0.06082,1.89028,0.11266,1.6226,0.62436,4.18352,0.08429,2.08225,0,0.27067,0.74085,0.03926,1.05668,0.36266,19.28002,6.09926,1.85887,1.71007,2.1064,0.05504,0.33862,2.53293,27.05347,0.19512,0.18885,0.14293,0.12174,0.13563,1.03465,1.68566,0.33511,0.60938,0.93744,0.55505,0.3104,1.05337,28.80381,1.84307,0.16715,0.41988,1.82016,1.51917,0.04764,0.14771,0.36813,6.62189,1.85297,0.95301,0.09133,0.34974,0.20729,0,0.80155,1.51788,9.62638,0.06879,0.04502,1.80316,1.69467,1.93538,0.34433,0.01416,3.03633,1.0543,3.84904
"Spirochaetes",0,0,0,0,0,20.95111,0,0,0,0,0,0,1.30244,0,3.08593,0,9.62853,0,0,0,0,0,0,0,0,0,0,0,0,0,0,0,0,0,0,0.37017,0,0,0.00811,0,0,0,0,0,0,0,0,0,4.1842,0,0,0,0,0,0,0,0,0,0,0,0,0,0,0,0,0,0,0,0,0,0,6.25034,0,0,0,0,0,0,0,0.5301,0,0,0.24857,0,0,0,0,0,0,0,0,0,0.62748,0,0,0,9.40288,0,0,0,0,0,0,0,0,0,0,0,0,0,0,0,0,0,0,0,0,0,0,0,0,0,0,0,0,0,0,0,0,0,0,0,0,0,0,0,0.00675,0,0,0,0,0,0,0,0,0,0,0,0.08313,0,0.69125,0,0,0,0,0,0,0,0,0,0,0,0,0,0,0,0,5.85713,0,0,0,3.61934,0,0,0,0,0,0,0,0.02914,0.55813,0,0,0,0,0,0,0,0,0,0.2915,0,0,0,0,0,0,0,0,0,0,0,0,0,0,0,0,0,0,1.96711,0,0,0,0,0,0,0,0,0,0,0,0.30154,0,0.11477,0,0,0,0,0,0.20446,0.76016,0,0,0,0,0,0,2.1594,0,0,0,0,0,0.52528,0,0,0,0,0,0,0,0,0,0,0,0,0,0.34424,0,0,0,0,0,0,0,0,0,0,0,0,1.27335,0,0,0,0,0.57783,0,0,0,0,0,0,0,0,0,0,0,0,0,0.07848,0,0,12.35949,0.07777,1.24739,0,0,7.3453,0,0,0,0,0,0,0,0,0,0,0,0,0,0,0,0,0,0,0,0,0,0.3688,0,0,0,0,0,0,0,0,0.63981,0,0,0,5.96162,0,0,0,0,0,0,0,0,0,0,0,0,0,0,0,0,0,0,0,0,0,0,8.60023,0,0,0,0,0.02741,0,0,0,0,0,0,0,0.00183,0,0,0,0,0,0,0,0,0,0,0,0,0,4.56166,0,0,0,0,0,0,0,0,0,0,0,0,0,0,0,0,0,0,0,0,0,0,0,0,0,0,0,0,0,0,0.13803,0,0,0,0,0,0,0,0,0,0,0,0,0,0,0,0,0,0,0.52775,0,0,0,0,0,0,0,0,0,0,0,1.39402,0.32335,0,0,0,0,0,0.64028,0,0,0,0,0,0,0,0,0.59373,0.12419,0,0,0,0,0.0377,0,0,0,0,0,0,0,0,1.65929,0,0.45476,0.27332,0.12335,0,0,0,0,0,0,0,0,0,0,0.45921,0,0,0,0,0,0,0,0,0,0,0,0.94991,0,0,0,0,0.13103,0,0,0,0,0,0,0,0.04903,0,0,0,2.76166,0,0,1.65455,0,0,0,0,0,0,0,0,0,0,0,0,0,0,0,0,0,0,0,0,0,0,1.02736,0,0,0,0,0,0,0,0.74173,0,0,0,0,0,1.81688,0,0,0,0,0.50945,0,0,0,0,0,0,0,0,0,0,0.54457,0,0,0,0,0,0,0,0.00768,0,0,0,0,0,5.20023,0,0,0,0,0,0,0,0,0,0,0,0,0,0,0,0,0,0,0,0,0,0,0,0,0,0
"Synergistetes",0.00402,0,0,0,0,0,0,0,0,0,0,0,0.00181,0,0,0,0,0,0,0,0.00616,0,0,0,0,0,0,0,0,0,0,0,0.00021,0,0,0.16942,0,0,0,0,0,0,0,0,0,0,0,0,0,0,0,0,0,0,0,0,0,0.04734,0,0,0,0,0,0,0,0,0,0,0,0,0,0,0,0,0,0,0,0.00959,0,0,0,0,0.01048,0,0,0,0,0,0,0,0,0,0,0,0,0,0,0,0.00314,0,0,0,0.03635,0,0,0,0,0,0,0,0,0,0,0,0,0,0,0,0,0,0,0,0.00534,0,0,0,0,0,0,0,0,0,0,0,0,0,0,0,0,0.00515,0,0,0,0,0,0.31103,0,0,0,0.19609,0,0,0,0.03488,0,0,0,0,0.10538,0,0,0,0,0,0,0,0,0,0,0,0,0,0,0,0,0.00411,0,0,0,0.1364,0,0,0,0,0,0,0,0,0.0451,0,0,0,0,0,0,0,0.01914,0,0,0,0,0,0,0,0.02399,0,0.0879,0,0,0.0101,0,0,0,0,0,0,0.01438,0,0,0,0,0.0375,0,0,0,0.0115,0,0,0,0.01501,0,0,0,0,0,0,0,0,0,0,0,0,0,0,0,0,0,0,0,0,0,0,0,0,0,0,0,0,0,0,0,0,0,0,0,0,0,0,0,0,0.00171,0,0,0,0,0,0,0,0,0,0,0,0.00802,0,0,0,0,0,0,0.01545,0,0,0,0,0,0,0,0,0,0,0,0,0,0,0,0,0,0,0,0,0,0.00722,0,0,0,0.0027,0,0,0,0,0,0,0,0,0,0,0,0,0.00044,0,0.03808,0,0,0,0,0.04001,0.02697,0,0.02399,0.03529,0,0,0,0,0.2205,0,0,0,0,0,0,0,0,0,0,0,0.02881,0.00694,0,0,0,0,0,0.00123,0,0,0,0.24111,0.03489,0,0,0,0,0,0,0,0.02882,0.01956,0.05173,0,0,0.00083,0,0,0,0,0,0.01395,0,0,0,0,0,0,0,0,0,0,0,0,0.00288,0.27085,0.00164,0,0.07017,0,0,0,0,0,0.02594,0,0,0.00888,0,0,0.04355,0,0,0,0,0,0,0,0,0,0,0,0,0,0.0146,0,0,0,0,0,0,0,0,0,0,0.03828,0,0,0,0,0,0,0,0,0,0,0,0,0,0,0,0,0,0,0.00757,0,0.08715,0,0,0,0,0,0,0,0,0.00412,0,0,0,0,0,0,0,0,0.04567,0,0,0,0,0,0,0.00042,0,0,0,0,0,0,0.03153,0,0.00522,0.003,0,0,0,0,0,0,0,0,0,0.00649,0,0,0,0,0,0,0,0,0.03772,0,0,0,0,0,0,0,0,0,0,0,0,0,0,0,0,0,0,0,0,0,0,0,0,0,0,0.18545,0,0,0,0,0,0.00324,0,0,0,0,0,0,0,0,0,0,0,0,0,0.00054,0,0,0.21178,0,0,0,0,0,0,0,0,0.0046,0,0,0,0,0,0,0,0,0,0.04504,0,0,0,0,0,0,0,0,0,0,0,0,0,0,0,0,0,0,0,0,0,0,0,0,0,0,0,0,0,0
"Unknown",0,0.00066,0,0,0,0.00043,0.00026,0.01765,0,0,0,0.00164,0,0.00207,0.00342,0.00098,4e-04,0,0,0,0.00044,0,0.00102,0.50802,0,0.00099,0.00267,0,0,0,0.00094,0.00134,0,0.00084,0,0.02896,0,0.00521,0,0,0,0,0.00296,0,0,0,0.00032,0,0,0,0,0.00376,0,0.00396,0,0,0,0,0,0,0,0,0.00152,0.00033,0,0,0.00621,0,0,0,0,0,0,0.00206,0,0,0,0,0,0,0,0,0,0,0,0.00031,0,0,0,0,4e-04,0,0,0,0,0.00023,0,0,0,3e-04,0,0.0044,0,0.00296,0,0.00088,0.00151,0,0,0,0,0.00126,0,0,0,0,0,0,0,0,0,0,0,0,0,0,0,0,0,0,0.00019,0,0,0,0,0,0,0,0,0,0,0.00522,0,0.00202,0.00433,0.00655,0,0,0,0.01055,0.01149,0,0,0,0,0.00055,0,0,0,0,0.00053,0,0,0,0.00562,0.00282,0,0.00238,0,0,0,0,0.00077,0,0,0,0,0,0,0.00151,0,0,0.00248,0,0.00035,0,0,0,0,0,0,0,0,0.00153,0,0,0,0,0,0,0,0.00034,0,0,0,0,0.00169,0.00037,0,0,0,0,0,0,0,0,0,0,0,0.01444,0,0,0,0,0,0,0,0.00402,0,0,0,0,0,0,0,0,0.00084,0,0,0,0,0,0,0,0,0.00402,0,0,0,0.00142,0,0,0,0,0,0,0,0.00449,0,0,0,0,0,0,0,0,0,0,0,0,0,0,0.00038,0.00143,0.00774,0,0,0,0,0,0,0,0,0,0,0.00235,0,0.01594,0,0,0,0,0,0,0,0,0.00042,0,0,0,0,0,0,0,0,0,0,0,0,0,0.00287,0.00096,0.00094,0,0,0,0,0.00055,0.0021,0,0,0,0.00148,0,0,0,0,0,0,0,0.03012,0.00934,9e-04,0,0,0,0,0,0.00847,0,0,0,0,0.00197,0,0,0,0,0.00032,0,0.00422,0,0,0,0,0,0,0,0,0.0029,0,0.00211,0,0,0,0,0.00043,0,0,0,0,0.00042,0,0,0.00187,0,0.00045,0,0.00432,0,0.00093,0,0,0,0,0,0,0,0,0,0,0,0,0,0,0,0,0,0,0,0,0,0,0,0,0,0,0,0,0,0,0,0,0,0,0,0,0,0,0,0,0,0,0,0,0,0,0,0,0,0,0,0,0,0,0,0,0.41384,0,0,0,0,0,0,0,0,0,0,0,0,0,0,0,0,0,0,0,0,0,0,0,0,0,0,0.00069,0,0,0,0,0,0,0,0,0,0,0,0,0,0.00598,0,0,0,0,0,0,0,0,0,0,0,0,0,0,0,0,0,0,0.01474,0,0,0,0,0,0,0,0,0,0,0,0,0,0,0,0,0,0,0,0.00055,0,0,0,0,0,0,0,2e-04,0.00036,0,0,0,0,0,0.00037,0,0,0,0,0,0.00108,0,0,0,0,0,0,0,0,0,0,0,0.00087,0,0,0,0,0,0,0,0,0,0,0,0,0,0,0,0,0,0,0,0,0,0,0,0,0,0,0,0,0,0,0,0,0,0,0,0.00029,0,0,0,0,0,0,0,0.00093,0.00428,0,0,0,0,0.00143,0,0,0.09079,0.00677,0,0,0.00125,0,0,0,0.00194,0,0,0,0
"Verrucomicrobia",0,0,0,0,0.03692,0,0.23872,0,0,0.0234,0,0.03309,0,0.00094,0,0,0,0.19516,0.73492,0,0,0,0.00051,0,0,0,37.87106,0,0,0.03119,0,0.6099,6.67789,4.59431,0,0,0,0,0.01272,0,0,0,0,0,9.02189,0,0.4315,0.53175,0,0,0,0,0.19778,0.00089,0,0.11288,0.01273,0,0,0,0.10692,0,0.73529,0.00157,0,0,0,0,0.05725,1.00511,0,0.00653,0,0.03864,0,0,0,0.00223,0.39448,0,0.00687,0,0,0.01173,2.60515,0,2.50188,0,0,0,0.4686,0.26148,0.00555,0,0.27823,0.00184,0,0,0.00123,0,0,0,0,0.02977,0,0,0,0,9.7954,0,6.20266,0,0.00493,0,0,0,1.28008,0,0,0,0,0.34271,0.01867,0.18949,1.26781,0,6.76791,1.85212,0,0,0.01621,0,0.18415,0,0,0,0.56737,0,0,0,0,0,0,0.05059,0,0,0.08466,0,0.84902,0,0,0.36451,0,0,0,0,0,0,1.75391,0,3.99774,0,0.0246,0,0,0.06553,0,0,0.08066,0,4.10373,0,0.00048,0,0,0,0,0.21157,0,0.76922,12.23547,1.42197,0,0.02407,0,2.78103,0,0,0,0.01414,0.01082,0,0.01163,0,3.1467,0,0,0,0,0,0,0,1.35111,0,0,0.01245,1.70558,0.0139,0,0,0.23583,0.00285,0,3.10674,3.69758,0.34947,1.97325,0.00152,0.0174,0.5119,0,0.11804,0,0.22494,0,0.31665,0,0,0,0.18566,0,0,0.22867,0,0,0.00629,0,0,0.21408,0,0,0.23719,0.01673,0.03914,0,0.05502,0,0,0,0,0,0.00296,0.00901,1.2108,0,0,1.32116,0.44884,0.04971,0,0,0,0.85136,0,0,0,0.34821,0,0.00507,0,0,0,0,0,1.60229,0,0,0,0,0.12392,0,0,0.33963,0,0.25349,0,0,0,0,0.59567,0,0,0,0,4.54451,0.22255,0,0,0.86824,0,0,0.00551,0,0.01381,0,0,0,0.46308,7.04867,0,3.84396,0,0.07154,0.08175,0.03978,0.08046,0,0,0.05635,0.07999,0,5.07087,0,0,0,0,0,0,0,0,0.38703,0,0,0,0,0.03411,0.01365,0,0,0,0,0,0,1.16762,12.99963,0,0,0,0.1421,0,0,0,0.01908,0,0,0,0.00226,0.1176,0,0.14179,0,0,0,0,0,0,2.95822,0,0,0,0,0,0,0,0,0.23048,0,0.06707,0.03734,0,0.37109,0.01099,0,0.03194,0,0,0,0.01242,0,0,0.481,0,4.37016,0,0,0,0,4.13946,0,0,0,0.63778,0,0,0.75223,0,0.71849,0,0,0.15021,0,0,0,0,0,0,0,0,3.45431,0,0.77145,0.38646,0,0.03028,0,0,0.27048,0,0,0,0,1.80493,0,0,0,0.00644,0,7.5176,0,0,0,0,0,0,0,0.0023,0,0,0,0,1.68792,8.62452,0,0.3829,0,0,0,0.07877,0.03401,0,0,0.27516,0,5.04707,0.26721,0,0,0,0,0,0.00255,0.33313,0,0.00223,0,1.23369,0,0.36178,0.10376,0,0,0,0,0,0,0,0,0.05966,0,0,0,0,0,0,0.53497,0,0.07428,3.40883,0,0,0.06404,0.04465,0,0,0,0,0,1.02998,0,0.59546,0,0,0,0,1.03299,0,0,17.0561,0,0,3.0488,0,0,0.00035,0,0,0,0.06046,0.14622,0,0.00555,0,0,0,0.00229,0,0,0.2013,0,0,0,0.22768,2.07561,8.74416,0,0,0,0,0,0,0,0,0,4.80714,0,0,0,0,1.06093,1.2399,0,0,1.42412,0.02562,0,0.0066,5.31422,0,0,0,0,0.06003,0,5.32617,4.65859,0,0.01193,0,0,0,0,0,0,1.03312,2.66775,0,0,0,0,0,0.02605,0,0,0.13066,0,0,0,0.00712,0,0.46257,0,0,0,0,0,0,0,0,0.06366,0,0.0064,0,0,0,0,0
